{
  "f1": 0.851063829787234,
  "roc_auc": 0.836374695863747,
  "accuracy": 0.7868020304568528,
  "precision": 0.8275862068965517,
  "recall": 0.8759124087591241,
  "n_samples_train": 786,
  "n_samples_test": 197
}