{
  "f1": 0.8652482269503546,
  "roc_auc": 0.8251824817518248,
  "accuracy": 0.8071065989847716,
  "precision": 0.8413793103448276,
  "recall": 0.8905109489051095,
  "n_samples_train": 786,
  "n_samples_test": 197
}